Molecule / Candidate,Entity Class,Relationship to GPR62,Direct GPR62 Evidence,Direct GPR62 PMIDs,Direct GPR62 Paper Count,GPR61,GPR135,MT2,5-HT6,Related Receptors,GPCRLigNet Score,ML Prediction,Experimental Validation,Evidence Level,Literature Score,Priority Score,PubChem CID,SMILES,Related Paper Count
Colforsin,Experimental / pharmacological compound,Assay / signaling compound,Yes,26384023,1,Yes,No,Yes,No,GPR61; GPR62; MT2 receptor,0.06674189865589142,Low,Unvalidated,E,3,0.2993822341263294,47936,CC(=O)OC1C(C2C(CCC(C2(C3(C1(OC(CC3=O)(C)C=C)C)O)C)O)(C)C)O,3
GPR61,Protein / gene product,Related orphan GPCR,Yes,11165367; 26384023; 28289782; 28827538; 28912303; 29699692; 32599826,7,No,No,No,No,,,,,,,,,,
GPR50,Protein / gene product,Related melatonin-receptor family context,Yes,28289782; 29699692; 32599826,3,No,No,No,No,,,,,,,,,,
GPR135,Protein / gene product,Related orphan GPCR,Yes,28827538; 29699692; 32599826,3,No,No,No,No,,,,,,,,,,
cAMP,Second messenger,Downstream signaling / constitutive activity,Yes,28827538; 28912303,2,No,No,No,No,,,,,,,,,,
MT2A,Protein / gene product,Melatonin-receptor interaction context,Yes,28827538; 29699692,2,No,No,No,No,,,,,,,,,,
SNHG3,Protein / gene product,Gene-regulatory GPR62 context,Yes,37809703; 41394987,2,No,No,No,No,,,,,,,,,,
Melatonin,Hormone / endogenous small molecule,Experimentally tested — negative direct binding,Yes,28827538,1,No,No,No,No,,,,,,,,,,
MT1IP,Protein / gene product,Melatonin-receptor interaction context,Yes,29699692,1,No,No,No,No,,,,,,,,,,
HTR2C,Protein / gene product,Related receptor / heteromerization context,Yes,29699692,1,No,No,No,No,,,,,,,,,,
C1QA,Protein / endogenous ligand candidate,Potential protein ligand / receptor-screen context,Yes,32894219,1,No,No,No,No,,,,,,,,,,
CD44,Protein / gene product,Co-identified receptor/signaling candidate,Yes,32894219,1,No,No,No,No,,,,,,,,,,
ADGRB1,Protein / gene product,Co-identified receptor/signaling candidate,Yes,32894219,1,No,No,No,No,,,,,,,,,,
MET,Protein / gene product,Co-identified receptor/signaling candidate,Yes,32894219,1,No,No,No,No,,,,,,,,,,
ADCY5,Protein / gene product,Co-identified receptor/signaling candidate,Yes,32894219,1,No,No,No,No,,,,,,,,,,
5-(Nonyloxy)Tryptamine,Chemical / small molecule,Predicted candidate from related-receptor literature,No,,,Yes,No,No,No,GPR61,0.9802038669586182,High,Direct receptor evidence,B,3,0.8556325135231019,1797,CCCCCCCCCOC1=CC2=C(C=C1)NC=C2CCN,1
luzindole,Chemical / small molecule,Predicted candidate from related-receptor literature,No,,,No,No,Yes,No,MT2 receptor,0.9529802799224854,High,Unvalidated,E,68,0.8444371819496155,122162,CC(=O)NCCC1=C(NC2=CC=CC=C21)CC3=CC=CC=C3,23
Retinaldehyde,Chemical / small molecule,Predicted candidate from related-receptor literature,No,,,No,Yes,No,No,GPR135,0.9044342041015625,High,Unvalidated,E,3,0.7813822326660157,638015,CC1=C(C(CCC1)(C)C)C=CC(=CC=CC(=CC=O)C)C,1
dorsomorphin,Chemical / small molecule,Predicted candidate from related-receptor literature,No,,,No,No,Yes,No,MT2 receptor,0.9938246011734009,High,Unvalidated,E,3,0.7769859907627106,11524144,C1CCN(CC1)CCOC2=CC=C(C=C2)C3=CN4C(=C(C=N4)C5=CC=NC=C5)N=C3,1
SCHEMBL7562664,Chemical / small molecule,Predicted candidate from related-receptor literature,No,,,No,No,Yes,No,MT2 receptor,0.9779346585273743,High,Unvalidated,E,3,0.7666575280427933,70130285,CC(CCC(=C(C)C)CCO)C1CCC2C1(CCC3C2CC=C4C3(CCCC4)C)C,1
haloperidol decanoate,Chemical / small molecule,Predicted candidate from related-receptor literature,No,,,No,No,Yes,No,MT2 receptor,0.9746153354644775,High,Indirect/context evidence,D,1,0.7604999680519104,52919,CCCCCCCCCC(=O)OC1(CCN(CC1)CCCC(=O)C2=CC=C(C=C2)F)C3=CC=C(C=C3)Cl,1
Sirolimus,Chemical / small molecule,Predicted candidate from related-receptor literature,No,,,No,No,No,Yes,5-HT6 receptor,0.997548520565033,High,Unvalidated,E,19,0.7489065383672715,5284616,CC1CCC2CC(C(=CC=CC=CC(CC(C(=O)C(C(C(=CC(C(=O)CC(OC(=O)C3CCCCN3C(=O)C(=O)C1(O2)O)C(C)CC4CCC(C(C4)OC)O)C)C)O)OC)C)C)C)OC,6
Prazosin,Chemical / small molecule,Predicted candidate from related-receptor literature,No,,,No,No,Yes,Yes,5-HT6 receptor; MT2 receptor,0.9143102169036865,High,Indirect/context evidence,D,12,0.7433016409873963,4893,COC1=C(C=C2C(=C1)C(=NC(=N2)N3CCN(CC3)C(=O)C4=CC=CO4)N)OC,3
Naloxone,Chemical / small molecule,Predicted candidate from related-receptor literature,No,,,No,No,Yes,No,MT2 receptor,0.9209599494934082,High,Unvalidated,E,3,0.7296239671707153,5284596,C=CCN1CCC23C4C(=O)CCC2(C1CC5=C3C(=C(C=C5)O)O4)O,1
SB-399885,Chemical / small molecule,Predicted candidate from related-receptor literature,No,,,No,No,No,Yes,5-HT6 receptor,0.8629044890403748,High,Direct receptor evidence,C,49,0.7213879178762436,6918649,COC1=C(C=C(C=C1)S(=O)(=O)NC2=C(C(=CC(=C2)Cl)Cl)OC)N3CCNCC3,15
GSK215083,Chemical / small molecule,Predicted candidate from related-receptor literature,No,,,No,No,No,Yes,5-HT6 receptor,0.968027651309967,High,Direct receptor evidence,C,12,0.7157179733514786,10172764,CN1CCN(CC1)C2=CC=CC3=CC(=CN=C32)S(=O)(=O)C4=CC=CC(=C4)F,4
PRX-07034,Chemical / small molecule,Predicted candidate from related-receptor literature,No,,,No,No,No,Yes,5-HT6 receptor,0.9859885573387146,High,Indirect/context evidence,D,6,0.7153925622701646,23653584,CC(C1=C(C(=CC(=C1)Cl)OC)OC)NC2=C(C=CC(=C2)N3CCNCC3)S(=O)(=O)C.Cl,1
SB699551,Chemical / small molecule,Predicted candidate from related-receptor literature,No,,,No,No,No,Yes,5-HT6 receptor,0.9950779676437378,High,Unvalidated,E,3,0.7153006789684296,11983346,CN(C)CCN(CC1=CC=C(C=C1)C2=CC=C(C=C2)CNCCC3=CC=CC=C3)C(=O)CCC4CCCC4.Cl.Cl,1
Dexamethasone,Chemical / small molecule,Predicted candidate from related-receptor literature,No,,,No,No,Yes,No,MT2 receptor,0.9021515846252441,High,Unvalidated,E,0,0.7113985300064087,5743,CC1CC2C3CCC4=CC(=O)C=CC4(C3(C(CC2(C1(C(=O)CO)O)C)O)F)C,1
PHTPP,Chemical / small molecule,Predicted candidate from related-receptor literature,No,,,No,No,Yes,No,MT2 receptor,0.8973512053489685,High,Unvalidated,E,1,0.7102782834768295,11201035,C1=CC=C(C=C1)C2=NN3C(=CC(=NC3=C2C4=CC=C(C=C4)O)C(F)(F)F)C(F)(F)F,1
N-pentanoyl-2-benzyltryptamine,Chemical / small molecule,Predicted candidate from related-receptor literature,No,,,No,No,Yes,No,MT2 receptor,0.8888981342315674,High,Unvalidated,E,3,0.7087837872505188,3467177,CCCCC(=O)NCCC1=C(NC2=CC=CC=C21)CC3=CC=CC=C3,1
volinanserin,Chemical / small molecule,Predicted candidate from related-receptor literature,No,,,No,No,No,Yes,5-HT6 receptor,0.9735018610954285,High,Unvalidated,E,6,0.7072762097120285,5311271,COC1=CC=CC(=C1OC)C(C2CCN(CC2)CCC3=CC=C(C=C3)F)O,2
C-Peptide,Chemical / small molecule,Predicted candidate from related-receptor literature,No,,,No,No,Yes,No,MT2 receptor,0.8889027237892151,High,Unvalidated,E,2,0.7067867704629899,16157840,CC(C)CC(C(=O)NC(C)C(=O)NC(CC(C)C)C(=O)NC(CCC(=O)O)C(=O)NCC(=O)NC(CO)C(=O)NC(CC(C)C)C(=O)NC(CCC(=O)N)C(=O)O)NC(=O)C1CCCN1C(=O)C(CCC(=O)N)NC(=O)C(CC(C)C)NC(=O)C(CO)NC(=O)CNC(=O)C(C)NC(=O)CNC(=O)C2CCCN2C(=O)CNC(=O)CNC(=O)CNC(=O)C(CC(C)C)NC(=O)C(CCC(=O)O)NC(=O)C(C(C)C)NC(=O)C(CCC(=O)N)NC(=O)CNC(=O)C(C(C)C)NC(=O)C(CCC(=O)N)NC(=O)C(CC(C)C)NC(=O)C(CC(=O)O)NC(=O)C(CCC(=O)O)NC(=O)C(C)NC(=O)C(CCC(=O)O)N,1
Doxorubicin,Chemical / small molecule,Predicted candidate from related-receptor literature,No,,,No,No,No,Yes,5-HT6 receptor,0.9690977334976196,High,Unvalidated,E,3,0.6984135267734528,31703,CC1C(C(CC(O1)OC2CC(CC3=C2C(=C4C(=C3O)C(=O)C5=C(C4=O)C(=CC=C5)OC)O)(C(=O)CO)O)N)O,1
N-arachidonylglycine,Chemical / small molecule,Predicted candidate from related-receptor literature,No,,,No,Yes,No,No,GPR135,0.7752114534378052,Moderate,Unvalidated,E,3,0.6973874447345734,5283389,CCCCCC=CCC=CCC=CCC=CCCCC(=O)NCC(=O)O,1
FPPQ,Chemical / small molecule,Predicted candidate from related-receptor literature,No,,,No,No,No,Yes,5-HT6 receptor,0.9154468774795532,High,Direct receptor evidence,C,17,0.6915404703617096,90469115,C1CN(CCN1)C2=NC3=CC=CC=C3C4=C2C=CN4S(=O)(=O)C5=CC=CC(=C5)F,2
Reboxetine,Chemical / small molecule,Predicted candidate from related-receptor literature,No,,,No,No,No,Yes,5-HT6 receptor,0.9455323815345764,High,Unvalidated,E,6,0.6890960479974747,127151,CCOC1=CC=CC=C1OC(C2CNCCO2)C3=CC=CC=C3,1
RS 67333,Chemical / small molecule,Predicted candidate from related-receptor literature,No,,,No,No,No,Yes,5-HT6 receptor,0.9532891511917114,High,Unvalidated,E,3,0.6881379482746125,183782,CCCCN1CCC(CC1)CCC(=O)C2=CC(=C(C=C2OC)N)Cl,1
3-benzenesulfonyl-8-piperazin-1-ylquinoline,Chemical / small molecule,Predicted candidate from related-receptor literature,No,,,No,No,No,Yes,5-HT6 receptor,0.8079147338867188,Moderate,Unvalidated,E,61,0.6876445770263672,11256720,C1CN(CCN1)C2=CC=CC3=CC(=CN=C32)S(=O)(=O)C4=CC=CC=C4,14
efavirenz,Chemical / small molecule,Predicted candidate from related-receptor literature,No,,,No,No,No,Yes,5-HT6 receptor,0.9462389349937439,High,Unvalidated,E,4,0.6855553077459335,64139,C1CC1C#CC2(C3=C(C=CC(=C3)Cl)NC(=O)O2)C(F)(F)F,1
Haloperidol,Chemical / small molecule,Predicted candidate from related-receptor literature,No,,,No,No,No,Yes,5-HT6 receptor,0.8926304578781128,High,Indirect/context evidence,D,21,0.6847097976207733,3559,C1CN(CCC1(C2=CC=C(C=C2)Cl)O)CCCC(=O)C3=CC=C(C=C3)F,4
PZ-1444,Chemical / small molecule,Predicted candidate from related-receptor literature,No,,,No,No,No,Yes,5-HT6 receptor,0.9384394288063049,High,Unvalidated,E,6,0.6844856287240982,126720440,CCC1=NC2=C(C=CN=C2N1CC3=CC(=CC=C3)F)N4CCNCC4,2
"2-ethyl-3-(3-fluorobenzyl)-7-(piperazin-1-yl)-3H-imidazo[4,5-b]pyridine",Chemical / small molecule,Predicted candidate from related-receptor literature,No,,,No,No,No,Yes,5-HT6 receptor,0.9384394288063049,High,Unvalidated,E,3,0.6784856287240982,126720440,CCC1=NC2=C(C=CN=C2N1CC3=CC(=CC=C3)F)N4CCNCC4,1
"5-chloro-2-methyl-3-(1,2,3,6-tetrahydro-4-pyridinyl)-1H-indole hydrochloride",Chemical / small molecule,Predicted candidate from related-receptor literature,No,,,No,No,No,Yes,5-HT6 receptor,0.9279481768608093,High,Unvalidated,E,6,0.6776663149595261,56972198,CC1=C(C2=C(N1)C=CC(=C2)Cl)C3=CCNCC3.Cl,2
erythromycin propionate-N-acetylcysteinate,Chemical / small molecule,Predicted candidate from related-receptor literature,No,,,No,No,No,Yes,5-HT6 receptor,0.937557578086853,High,Unvalidated,E,1,0.6739124257564545,71276,CCC1C(C(C(C(=O)C(CC(C(C(C(C(C(=O)O1)C)OC2CC(C(C(O2)C)O)(C)OC)C)OC3C(C(CC(O3)C)N(C)C)OC(=O)CC)(C)O)C)C)O)(C)O.CC(=O)NC(CS)C(=O)O,1
Ro4368554,Chemical / small molecule,Predicted candidate from related-receptor literature,No,,,No,No,No,Yes,5-HT6 receptor,0.9228565096855164,High,Unvalidated,E,3,0.6683567312955857,6918682,CN1CCN(CC1)C2=CC=CC3=C2NC=C3S(=O)(=O)C4=CC=CC=C4,1
"5-chloro-2-methyl-3-(1,2,3,6-tetrahydropyridin-4-yl)-1H-indole",Chemical / small molecule,Predicted candidate from related-receptor literature,No,,,No,No,No,Yes,5-HT6 receptor,0.9108032584190369,High,Unvalidated,E,3,0.660522117972374,10131112,CC1=C(C2=C(N1)C=CC(=C2)Cl)C3=CCNCC3,1
Quetiapine Fumarate,Chemical / small molecule,Predicted candidate from related-receptor literature,No,,,No,No,Yes,Yes,5-HT6 receptor; MT2 receptor,0.819708526134491,Moderate,Unvalidated,E,1,0.6598105419874192,5281025,C1CN(CCN1CCOCCO)C2=NC3=CC=CC=C3SC4=CC=CC=C42.C1CN(CCN1CCOCCO)C2=NC3=CC=CC=C3SC4=CC=CC=C42.C(=CC(=O)O)C(=O)O,2
1-benzylpiperidine,Chemical / small molecule,Predicted candidate from related-receptor literature,No,,,No,No,No,Yes,5-HT6 receptor,0.9021195769309998,High,Unvalidated,E,3,0.6548777250051498,76190,C1CCN(CC1)CC2=CC=CC=C2,1
Testosterone,Chemical / small molecule,Predicted candidate from related-receptor literature,No,,,No,No,Yes,No,MT2 receptor,0.8014183640480042,Moderate,Unvalidated,E,1,0.6479219366312027,6013,CC12CCC3C(C1CCC2O)CCC4=CC(=O)CCC34C,1
1-phenylbenzazepine,Chemical / small molecule,Predicted candidate from related-receptor literature,No,,,No,No,No,Yes,5-HT6 receptor,0.8779258728027344,High,Direct receptor evidence,C,3,0.6391518173217774,20503322,C1=CC=C(C=C1)N2C=CC=CC3=CC=CC=C32,1
latrepirdine,Chemical / small molecule,Predicted candidate from related-receptor literature,No,,,No,No,No,Yes,5-HT6 receptor,0.8710102438926697,High,Unvalidated,E,4,0.6366566585302353,197033,CC1=CC2=C(C=C1)N(C3=C2CN(CC3)C)CCC4=CN=C(C=C4)C,2
Memantine,Chemical / small molecule,Predicted candidate from related-receptor literature,No,,,No,No,No,Yes,5-HT6 receptor,0.8731172680854797,High,Unvalidated,E,3,0.6360262242555619,4054,CC12CC3CC(C1)(CC(C3)(C2)N)C,1
PBI-8192,Chemical / small molecule,Predicted candidate from related-receptor literature,No,,,No,No,Yes,No,MT2 receptor,0.758974015712738,Moderate,Unvalidated,E,6,0.6303331102132798,176516512,CCCC(=O)NCC1=CC=C(C=C1)C2=C(C3=C(N2)C=CC(=N3)OC)CCNC(=O)C,1
Bupropion,Chemical / small molecule,Predicted candidate from related-receptor literature,No,,,No,No,No,Yes,5-HT6 receptor,0.8546305298805237,High,Unvalidated,E,6,0.6300098444223404,444,CC(C(=O)C1=CC(=CC=C1)Cl)NC(C)(C)C,1
5-hydroxyethoxy-N-acetyltryptamine,Chemical / small molecule,Predicted candidate from related-receptor literature,No,,,No,No,Yes,No,MT2 receptor,0.7643306255340576,Moderate,Unvalidated,E,3,0.6278149065971375,10849065,CC(=O)NCCC1=CNC2=C1C=C(C=C2)OCCO,1
Rotenone,Chemical / small molecule,Predicted candidate from related-receptor literature,No,,,No,No,No,Yes,5-HT6 receptor,0.8578706383705139,High,Unvalidated,E,3,0.6261159149408341,6758,CC(=C)C1CC2=C(O1)C=CC3=C2OC4COC5=CC(=C(C=C5C4C3=O)OC)OC,1
SB 269970,Chemical / small molecule,Predicted candidate from related-receptor literature,No,,,No,No,No,Yes,5-HT6 receptor,0.8466910719871521,Moderate,Unvalidated,E,6,0.6248491967916489,6604889,CC1CCN(CC1)CCC2CCCN2S(=O)(=O)C3=CC=CC(=C3)O,2
Fluvoxamine,Chemical / small molecule,Predicted candidate from related-receptor literature,No,,,No,No,No,Yes,5-HT6 receptor,0.8449462056159973,Moderate,Unvalidated,E,3,0.6177150336503983,5324346,COCCCCC(=NOCCN)C1=CC=C(C=C1)C(F)(F)F,1
Aligeron,Chemical / small molecule,Predicted candidate from related-receptor literature,No,,,No,No,No,Yes,5-HT6 receptor,0.8204567432403564,Moderate,Unvalidated,E,6,0.6077968831062317,166145,C=CCN1CCN(CC1)C(C2=CC=CC=C2)C3=CC=CC=C3,1
1-(phenylsulfonyl)-4-(piperazin-1-yl)-1H-indole,Chemical / small molecule,Predicted candidate from related-receptor literature,No,,,No,No,No,Yes,5-HT6 receptor,0.8271880745887756,Moderate,Unvalidated,E,3,0.6061722484827042,10154392,C1CN(CCN1)C2=CC=CC3=C2C=CN3S(=O)(=O)C4=CC=CC=C4,1
Amoxapine,Chemical / small molecule,Predicted candidate from related-receptor literature,No,,,No,No,No,Yes,5-HT6 receptor,0.8087691068649292,Moderate,Unvalidated,E,5,0.598199919462204,2170,C1CN(CCN1)C2=NC3=CC=CC=C3OC4=C2C=C(C=C4)Cl,1
Tacrine,Chemical / small molecule,Predicted candidate from related-receptor literature,No,,,No,No,No,Yes,5-HT6 receptor,0.7920169830322266,Moderate,Unvalidated,E,6,0.5893110389709473,1935,C1CCC2=NC3=CC=CC=C3C(=C2C1)N,1
Aripiprazole,Chemical / small molecule,Predicted candidate from related-receptor literature,No,,,No,No,No,Yes,5-HT6 receptor,0.8098500370979309,Moderate,Unvalidated,E,0,0.5889025241136551,60795,C1CC(=O)NC2=C1C=CC(=C2)OCCCCN3CCN(CC3)C4=C(C(=CC=C4)Cl)Cl,1
THC,Chemical / small molecule,Predicted candidate from related-receptor literature,No,,,No,No,No,Yes,5-HT6 receptor,0.7892976403236389,Moderate,Unvalidated,E,6,0.5875434662103654,16078,CCCCCC1=CC(=C2C3C=C(CCC3C(OC2=C1)(C)C)C)O,1
9-tetrahydrocannabinol,Chemical / small molecule,Predicted candidate from related-receptor literature,No,,,No,No,No,Yes,5-HT6 receptor,0.7892976403236389,Moderate,Unvalidated,E,3,0.5815434662103653,16078,CCCCCC1=CC(=C2C3C=C(CCC3C(OC2=C1)(C)C)C)O,1
Cyclophosphamide,Chemical / small molecule,Predicted candidate from related-receptor literature,No,,,No,No,Yes,No,MT2 receptor,0.682522177696228,Moderate,Unvalidated,E,3,0.5746394155025483,2907,C1CNP(=O)(OC1)N(CCCl)CCCl,1
Donepezil,Chemical / small molecule,Predicted candidate from related-receptor literature,No,,,No,No,No,Yes,5-HT6 receptor,0.7118600010871887,Moderate,Direct receptor evidence,C,24,0.5732090007066728,3152,COC1=C(C=C2C(=C1)CC(C2=O)CC3CCN(CC3)CC4=CC=CC=C4)OC,7
Clozapine,Chemical / small molecule,Predicted candidate from related-receptor literature,No,,,No,No,No,Yes,5-HT6 receptor,0.7433640956878662,Moderate,Indirect/context evidence,D,9,0.563686662197113,135398737,CN1CCN(CC1)C2=NC3=C(C=CC(=C3)Cl)NC4=CC=CC=C42,2
Tryptophan,Chemical / small molecule,Predicted candidate from related-receptor literature,No,,,No,No,No,Yes,5-HT6 receptor,0.7616071105003357,Moderate,Unvalidated,E,1,0.5595446218252182,6305,C1=CC=C2C(=C1)C(=CN2)CC(C(=O)O)N,1
CPPQ,Chemical / small molecule,Predicted candidate from related-receptor literature,No,,,No,No,No,Yes,5-HT6 receptor,0.7214867472648621,Moderate,Unvalidated,E,12,0.5554663857221604,162656068,CCC1=NC2=C(N1S(=O)(=O)C3=CC(=CC=C3)Cl)C=CN=C2N4CCNCC4,4
Isoproterenol,Chemical / small molecule,Predicted candidate from related-receptor literature,No,,,No,Yes,No,No,GPR135,0.5485492944717407,Low,Unvalidated,E,4,0.5520570414066315,3779,CC(C)NCC(C1=CC(=C(C=C1)O)O)O,1
4-phenyl-2-propionamidotetraline,Chemical / small molecule,Predicted candidate from related-receptor literature,No,,,No,No,Yes,No,MT2 receptor,0.48708274960517883,Low,Unvalidated,E,59,0.5416037872433662,3976006,CCC(=O)NC1CC(C2=CC=CC=C2C1)C3=CC=CC=C3,20
Ergolines,Chemical / small molecule,Predicted candidate from related-receptor literature,No,,,No,No,No,Yes,5-HT6 receptor,0.7178567051887512,Moderate,Unvalidated,E,3,0.5351068583726883,6857537,C1CC2C(CC3=CNC4=CC=CC2=C34)NC1,1
hypidone hydrochloride,Chemical / small molecule,Predicted candidate from related-receptor literature,No,,,No,No,No,Yes,5-HT6 receptor,0.7139524221420288,Moderate,Direct receptor evidence,C,3,0.5325690743923188,122412736,C1CN(CCC1(CN2C=CC=CC2=O)O)CC3=CC=CC=C3.Cl,1
agomelatine,Chemical / small molecule,Predicted candidate from related-receptor literature,No,,,No,No,Yes,No,MT2 receptor,0.4964980185031891,Low,Direct receptor evidence,C,39,0.5257237120270729,82148,CC(=O)NCCC1=CC=CC2=C1C=C(C=C2)OC,15
Melanins,Chemical / small molecule,Predicted candidate from related-receptor literature,No,,,No,No,Yes,No,MT2 receptor,0.6012611985206604,Low,Unvalidated,E,3,0.5218197790384294,6325610,CC1=C2C3=C(C4=CNC5=C(C(=O)C(=O)C(=C45)C3=CN2)C)C(=O)C1=O,1
Sulfones,Chemical / small molecule,Predicted candidate from related-receptor literature,No,,,No,No,No,Yes,5-HT6 receptor,0.6527525782585144,Moderate,Unvalidated,E,12,0.5107891758680344,12501714,CC1=CC=C(C=C1)S(=O)(=O)C(=C(C2=CC=CC=C2)Br)C3=CC=CC=C3,4
glutamic acid,Chemical / small molecule,Predicted candidate from related-receptor literature,No,,,No,No,Yes,Yes,5-HT6 receptor; MT2 receptor,0.45899078249931335,Low,Unvalidated,E,39,0.5013440086245537,33032,C(CC(=O)O)C(C(=O)O)N,10
ramelteon,Chemical / small molecule,Predicted candidate from related-receptor literature,No,,,No,No,Yes,No,MT2 receptor,0.5351576805114746,Low,Indirect/context evidence,D,14,0.5008524923324585,208902,CCC(=O)NCCC1CCC2=C1C3=C(C=C2)OCC3,6
serotonin,Chemical / small molecule,Predicted candidate from related-receptor literature,No,,,No,No,Yes,Yes,5-HT6 receptor; MT2 receptor,0.4038478434085846,Low,Direct receptor evidence,C,215,0.48750109821557996,5202,C1=CC2=C(C=C1O)C(=CN2)CCN,45
Phencyclidine,Chemical / small molecule,Predicted candidate from related-receptor literature,No,,,No,No,No,Yes,5-HT6 receptor,0.6290300488471985,Low,Direct receptor evidence,C,6,0.48336953175067904,6468,C1CCC(CC1)(C2=CC=CC=C2)N3CCCCC3,2
2-piperidinoethyl 4-amino-5-chloro-2-methoxybenzoate,Chemical / small molecule,Predicted candidate from related-receptor literature,No,,,No,No,No,Yes,5-HT6 receptor,0.6216388940811157,Low,Unvalidated,E,6,0.47856528115272523,5311299,COC1=CC(=C(C=C1C(=O)OCCN2CCCCC2)Cl)N,2
SB-271046,Chemical / small molecule,Predicted candidate from related-receptor literature,No,,,No,No,No,Yes,5-HT6 receptor,0.4856181740760803,Low,Direct receptor evidence,C,50,0.4781518131494522,5312149,CC1=C(SC2=C1C=C(C=C2)Cl)S(=O)(=O)NC3=CC(=C(C=C3)OC)N4CCNCC4,15
GR 113808,Chemical / small molecule,Predicted candidate from related-receptor literature,No,,,No,No,No,Yes,5-HT6 receptor,0.6115068197250366,Low,Unvalidated,E,9,0.4779794328212738,119376,CN1C=C(C2=CC=CC=C21)C(=O)OCC3CCN(CC3)CCNS(=O)(=O)C,3
RSL3,Chemical / small molecule,Predicted candidate from related-receptor literature,No,,,No,No,Yes,No,MT2 receptor,0.5361976027488708,Low,Unvalidated,E,1,0.47552844178676607,89084603,COC(=O)C1CC2C(C(N1C(=O)CCl)C3=CC=C(C=C3)C(=O)OC)NC4=CC=CC=C24,1
GW117,Chemical / small molecule,Predicted candidate from related-receptor literature,No,,,No,No,Yes,No,MT2 receptor,0.5114737749099731,Low,Indirect/context evidence,D,9,0.4754579536914826,177678473,CC(=O)NCCC1=CC=CC2=CC(=C(C=C21)OC)Cl,3
4-phenyl-2-propionamidotetralin,Chemical / small molecule,Predicted candidate from related-receptor literature,No,,,No,No,Yes,No,MT2 receptor,0.48708274960517883,Low,Unvalidated,E,3,0.44760378724336625,3976006,CCC(=O)NC1CC(C2=CC=CC=C2C1)C3=CC=CC=C3,1
4P-PDOT,Chemical / small molecule,Predicted candidate from related-receptor literature,No,,,No,No,Yes,No,MT2 receptor,0.48708274960517883,Low,Unvalidated,E,3,0.44760378724336625,3976006,CCC(=O)NC1CC(C2=CC=CC=C2C1)C3=CC=CC=C3,1
sertindole,Chemical / small molecule,Predicted candidate from related-receptor literature,No,,,No,No,No,Yes,5-HT6 receptor,0.572147786617279,Low,Unvalidated,E,3,0.4403960613012314,60149,C1CN(CCC1C2=CN(C3=C2C=C(C=C3)Cl)C4=CC=C(C=C4)F)CCN5CCNC5=O,1
Fentanyl,Chemical / small molecule,Predicted candidate from related-receptor literature,No,,,No,No,Yes,No,MT2 receptor,0.4669545292854309,Low,Unvalidated,E,1,0.4305204440355301,3345,CCC(=O)N(C1CCN(CC1)CCC2=CC=CC=C2)C3=CC=CC=C3,1
TyG,Chemical / small molecule,Predicted candidate from related-receptor literature,No,,,No,No,Yes,No,MT2 receptor,0.4464787542819977,Low,Unvalidated,E,3,0.4212111902832985,155818515,CC1=C2C(=CC=C1)C(=O)NC(=N2)CSC3=CC=NC=C3,1
tasimelteon,Chemical / small molecule,Predicted candidate from related-receptor literature,No,,,No,No,Yes,No,MT2 receptor,0.43170544505119324,Low,Unvalidated,E,7,0.41960853928327563,10220503,CCC(=O)NCC1CC1C2=C3CCOC3=CC=C2,3
2-Phenyl-1H-pyrrole-3-carboxamide,Chemical / small molecule,Predicted candidate from related-receptor literature,No,,,No,No,No,Yes,5-HT6 receptor,0.5277723670005798,Low,Direct receptor evidence,C,7,0.4195520385503769,57029978,C1=CC=C(C=C1)C2=C(C=CN2)C(=O)N,1
phenylsulfonylindole,Chemical / small molecule,Predicted candidate from related-receptor literature,No,,,No,No,No,Yes,5-HT6 receptor,0.5354917645454407,Low,Unvalidated,E,3,0.41656964695453647,6422846,C1=CC=C(C=C1)S(=O)(=O)C2=CC3=CC=CC=C3N2,1
Gabapentin,Chemical / small molecule,Predicted candidate from related-receptor literature,No,,,No,No,No,Yes,5-HT6 receptor,0.473403662443161,Low,Direct receptor evidence,C,21,0.41221238058805465,3446,C1CCC(CC1)(CC(=O)O)CN,1
"1H-Pyrrolo[3,2-c]quinoline",Chemical / small molecule,Predicted candidate from related-receptor literature,No,,,No,No,No,Yes,5-HT6 receptor,0.5146197080612183,Low,Direct receptor evidence,C,7,0.4110028102397919,21252340,C1=CC=C2C(=C1)C3=C(C=CN3)C=N2,2
Risperidone,Chemical / small molecule,Predicted candidate from related-receptor literature,No,,,No,No,No,Yes,5-HT6 receptor,0.4690696895122528,Low,Indirect/context evidence,D,21,0.40939529818296433,5073,CC1=C(C(=O)N2CCCCC2=N1)CCN3CCC(CC3)C4=NOC5=C4C=CC(=C5)F,4
m6A,Chemical / small molecule,Predicted candidate from related-receptor literature,No,,,No,No,Yes,No,MT2 receptor,0.4130800664424896,Low,Unvalidated,E,1,0.3955020431876183,102175,CNC1=C2C(=NC=N1)N(C=N2)C3C(C(C(O3)CO)O)O,1
Amitriptyline,Chemical / small molecule,Predicted candidate from related-receptor literature,No,,,No,No,No,Yes,5-HT6 receptor,0.5013073086738586,Low,Unvalidated,E,3,0.39434975063800815,2160,CN(C)CCC=C1C2=CC=CC=C2CCC3=CC=CC=C31,1
Cocaine,Chemical / small molecule,Predicted candidate from related-receptor literature,No,,,No,No,Yes,Yes,5-HT6 receptor; MT2 receptor,0.373700886964798,Low,Indirect/context evidence,D,9,0.3859055765271187,446220,CN1C2CCC1C(C(C2)OC(=O)C3=CC=CC=C3)C(=O)OC,2
Nevirapine,Chemical / small molecule,Predicted candidate from related-receptor literature,No,,,No,No,No,Yes,5-HT6 receptor,0.4881773591041565,Low,Unvalidated,E,1,0.3818152834177017,4463,CC1=C2C(=NC=C1)N(C3=C(C=CC=N3)C(=O)N2)C4CC4,1
N-benzylpiperazine,Chemical / small molecule,Predicted candidate from related-receptor literature,No,,,No,No,No,Yes,5-HT6 receptor,0.4597321152687073,Low,Unvalidated,E,4,0.36932587492465974,75994,C1CN(CCN1)CC2=CC=CC=C2,1
SB-258585,Chemical / small molecule,Predicted candidate from related-receptor literature,No,,,No,No,No,Yes,5-HT6 receptor,0.3041353225708008,Low,Direct receptor evidence,C,95,0.36018795967102046,3248571,CN1CCN(CC1)C2=C(C=CC(=C2)NS(=O)(=O)C3=CC=C(C=C3)I)OC,27
Ketanserin,Chemical / small molecule,Predicted candidate from related-receptor literature,No,,,No,No,No,Yes,5-HT6 receptor,0.437661349773407,Low,Unvalidated,E,3,0.3529798773527146,3822,C1CN(CCC1C(=O)C2=CC=C(C=C2)F)CCN3C(=O)C4=CC=CC=C4NC3=O,1
Benzenesulfonyl,Chemical / small molecule,Predicted candidate from related-receptor literature,No,,,No,No,No,Yes,5-HT6 receptor,0.43431273102760315,Low,Indirect/context evidence,D,1,0.34680327516794207,3857574,C1=CC=C(C=C1)S(=O)[O-],1
Mirtazapine,Chemical / small molecule,Predicted candidate from related-receptor literature,No,,,No,No,No,Yes,5-HT6 receptor,0.4220776855945587,Low,Unvalidated,E,4,0.3448504956364632,4205,CN1CCN2C(C1)C3=CC=CC=C3CC4=C2N=CC=C4,1
SB-271046A,Chemical / small molecule,Predicted candidate from related-receptor literature,No,,,No,No,No,Yes,5-HT6 receptor,0.41106656193733215,Low,Unvalidated,E,6,0.3416932652592659,6918455,CC1=C(SC2=C1C=C(C=C2)Cl)S(=O)(=O)NC3=CC(=C(C=C3)OC)N4CCNCC4.Cl,2
Zidovudine,Chemical / small molecule,Predicted candidate from related-receptor literature,No,,,No,No,No,Yes,5-HT6 receptor,0.42012032866477966,Low,Unvalidated,E,1,0.33757821363210677,35370,CC1=CN(C(=O)NC1=O)C2CC(C(O2)CO)N=[N+]=[N-],1
Cisplatin,Chemical / small molecule,Predicted candidate from related-receptor literature,No,,,No,No,Yes,No,MT2 receptor,0.30550050735473633,Low,Direct receptor evidence,C,6,0.33557532978057864,5702198,N.N.Cl[Pt]Cl,1
SAM-760,Chemical / small molecule,Predicted candidate from related-receptor literature,No,,,No,No,No,Yes,5-HT6 receptor,0.37913793325424194,Low,Unvalidated,E,11,0.33093965661525726,46203710,CC1=NC2=C(N1S(=O)(=O)C3=CC=CC=C3)C=CC=C2N4CCNCC4,1
Homocysteine,Chemical / small molecule,Predicted candidate from related-receptor literature,No,,,No,No,Yes,No,MT2 receptor,0.31294113397598267,Low,Unvalidated,E,1,0.33041173708438876,91552,C(CS)C(C(=O)O)N,1
Milnacipran,Chemical / small molecule,Predicted candidate from related-receptor literature,No,,,No,No,No,Yes,5-HT6 receptor,0.39947760105133057,Low,Unvalidated,E,4,0.33016044068336486,65833,CCN(CC)C(=O)C1(CC1CN)C2=CC=CC=C2,1
Progesterone,Chemical / small molecule,Predicted candidate from related-receptor literature,No,,,Yes,No,Yes,No,GPR61; MT2 receptor,0.14186829328536987,Low,Unvalidated,E,6,0.31671439063549045,5994,CC(=O)C1CCC2C1(CCC3C2CCC4=CC(=O)CCC34C)C,3
amsonic acid,Chemical / small molecule,Predicted candidate from related-receptor literature,No,,,No,No,No,Yes,5-HT6 receptor,0.3753829598426819,Low,Unvalidated,E,3,0.31249892389774325,6668,C1=CC(=C(C=C1N)S(=O)(=O)O)C=CC2=C(C=C(C=C2)N)S(=O)(=O)O,2
Ethanolamine,Chemical / small molecule,Predicted candidate from related-receptor literature,No,,,Yes,No,No,No,GPR61,0.11912622302770615,Low,Direct receptor evidence,B,6,0.301932044968009,700,C(CO)N,1
Norepinephrine,Chemical / small molecule,Predicted candidate from related-receptor literature,No,,,No,Yes,No,Yes,5-HT6 receptor; GPR135,0.1314825713634491,Low,Unvalidated,E,11,0.2949636713862419,439260,C1=CC(=C(C=C1C(CN)O)O)O,5
Thulium,Chemical / small molecule,Predicted candidate from related-receptor literature,No,,,No,No,Yes,No,MT2 receptor,0.2463664561510086,Low,Unvalidated,E,1,0.28713819649815564,23961,[Tm],1
Dizocilpine Maleate,Chemical / small molecule,Predicted candidate from related-receptor literature,No,,,No,No,Yes,Yes,5-HT6 receptor; MT2 receptor,0.17765319347381592,Low,Unvalidated,E,23,0.28647457575798035,6420042,CC12C3=CC=CC=C3CC(N1)C4=CC=CC=C24.C(=CC(=O)O)C(=O)O,4
2-iodomelatonin,Chemical / small molecule,Predicted candidate from related-receptor literature,No,,,No,No,Yes,No,MT2 receptor,0.20315669476985931,Low,Unvalidated,E,13,0.2830518516004086,115348,CC(=O)NCCC1=C(NC2=C1C=C(C=C2)OC)I,3
Olanzapine,Chemical / small molecule,Predicted candidate from related-receptor literature,No,,,No,No,No,Yes,5-HT6 receptor,0.2826659381389618,Low,Unvalidated,E,17,0.2802328597903252,135398745,CC1=CC2=C(S1)NC3=CC=CC=C3N=C2N4CCN(CC4)C,5
dl-p-chlorophenylalanine,Chemical / small molecule,Predicted candidate from related-receptor literature,No,,,No,No,No,Yes,5-HT6 receptor,0.32338035106658936,Low,Unvalidated,E,3,0.27869722819328313,4652,C1=CC(=CC=C1CC(C(=O)O)N)Cl,1
phenothiazine,Chemical / small molecule,Predicted candidate from related-receptor literature,No,,,No,No,No,Yes,5-HT6 receptor,0.31162142753601074,Low,Direct receptor evidence,C,6,0.277053927898407,7108,C1=CC=C2C(=C1)NC3=CC=CC=C3S2,1
Boron,Chemical / small molecule,Predicted candidate from related-receptor literature,No,,,No,No,Yes,No,MT2 receptor,0.2298387885093689,Low,Unvalidated,E,1,0.2763952125310898,5462311,[B],1
Epinephrine,Chemical / small molecule,Predicted candidate from related-receptor literature,No,,,No,Yes,No,No,GPR135,0.12740598618984222,Low,Unvalidated,E,3,0.27631389102339743,5816,CNCC(C1=CC(=C(C=C1)O)O)O,1
AVN-492,Chemical / small molecule,Predicted candidate from related-receptor literature,No,,,No,No,No,Yes,5-HT6 receptor,0.284511923789978,Low,Direct receptor evidence,C,12,0.27143275046348575,56655571,CC1=C(C(=NC2=C(C(=NN12)NC)S(=O)(=O)C3=CC=CC=C3)C)N(C)C,1
Bicuculline,Chemical / small molecule,Predicted candidate from related-receptor literature,No,,,No,No,No,Yes,5-HT6 receptor,0.305184543132782,Low,Unvalidated,E,3,0.26686995303630834,10237,CN1CCC2=CC3=C(C=C2C1C4C5=C(C6=C(C=C5)OCO6)C(=O)O4)OCO3,1
benzofuran,Chemical / small molecule,Predicted candidate from related-receptor literature,No,,,No,No,Yes,No,MT2 receptor,0.20484234392642975,Low,Unvalidated,E,3,0.26414752355217935,9223,C1=CC=C2C(=C1)C=CO2,1
2-[125I]iodomelatonin,Chemical / small molecule,Predicted candidate from related-receptor literature,No,,,No,No,Yes,No,MT2 receptor,0.20315669476985931,Low,Unvalidated,E,3,0.26305185160040856,644212,CC(=O)NCCC1=C(NC2=C1C=C(C=C2)OC)I,1
Zinc Oxide,Chemical / small molecule,Predicted candidate from related-receptor literature,No,,,No,No,Yes,No,MT2 receptor,0.19647784531116486,Low,Unvalidated,E,2,0.25671059945225716,3007857,[O-2].[Zn+2],1
Niacinamide,Chemical / small molecule,Predicted candidate from related-receptor literature,No,,,No,No,Yes,No,MT2 receptor,0.1927245706319809,Low,Unvalidated,E,3,0.2562709709107876,936,C1=CC(=CN=C1)C(=O)N,1
N-(2-(4-(2-methoxyphenyl)-1-piperazinyl)ethyl)-N-(2-pyridinyl)cyclohexanecarboxamide,Chemical / small molecule,Predicted candidate from related-receptor literature,No,,,No,No,No,Yes,5-HT6 receptor,0.271332710981369,Low,Unvalidated,E,6,0.2508662621378899,5684,COC1=CC=CC=C1N2CCN(CC2)CCN(C3=CC=CC=N3)C(=O)C4CCCCC4,2
benzothiazolone,Chemical / small molecule,Predicted candidate from related-receptor literature,No,,,No,No,No,Yes,5-HT6 receptor,0.2659669816493988,Low,Direct receptor evidence,C,6,0.24737853807210924,13625,C1=CC=C2C(=C1)NC(=O)S2,1
Metformin,Chemical / small molecule,Predicted candidate from related-receptor literature,No,,,No,No,Yes,No,MT2 receptor,0.1762213259935379,Low,Unvalidated,E,3,0.24554386189579963,4091,CN(C)C(=N)N=C(N)N,1
Strontium,Chemical / small molecule,Predicted candidate from related-receptor literature,No,,,No,No,Yes,No,MT2 receptor,0.17730380594730377,Low,Unvalidated,E,1,0.24224747386574746,5359327,[Sr],1
dopamine,Chemical / small molecule,Predicted candidate from related-receptor literature,No,,,No,No,Yes,Yes,5-HT6 receptor; MT2 receptor,0.06756026297807693,Low,Direct receptor evidence,C,34,0.23691417093575,681,C1=CC(=C(C=C1CCN)O)O,15
Streptozocin,Chemical / small molecule,Predicted candidate from related-receptor literature,No,,,No,No,Yes,Yes,5-HT6 receptor; MT2 receptor,0.13757288455963135,Low,Unvalidated,E,11,0.23642237496376037,29327,CN(C(=O)NC1C(C(C(OC1O)CO)O)O)N=O,4
indole,Chemical / small molecule,Predicted candidate from related-receptor literature,No,,,No,No,No,Yes,5-HT6 receptor,0.18069739639759064,Low,Direct receptor evidence,C,28,0.23595330765843392,798,C1=CC=C2C(=C1)C=CN2,7
1-naphthaleneacetic acid,Chemical / small molecule,Predicted candidate from related-receptor literature,No,,,No,No,Yes,No,MT2 receptor,0.16315309703350067,Low,Unvalidated,E,1,0.23304951307177546,6862,C1=CC=C2C(=C1)C=CC=C2CC(=O)O,1
benzenesulfonamide,Chemical / small molecule,Predicted candidate from related-receptor literature,No,,,No,No,No,Yes,5-HT6 receptor,0.254574179649353,Low,Indirect/context evidence,D,1,0.22997321677207946,7370,C1=CC=C(C=C1)S(=O)(=O)N,1
Zn2+,Chemical / small molecule,Predicted candidate from related-receptor literature,No,,,No,No,Yes,No,MT2 receptor,0.15823692083358765,Low,Unvalidated,E,1,0.22985399854183197,32051,[Zn+2],1
BGC,Chemical / small molecule,Predicted candidate from related-receptor literature,No,,,No,No,No,Yes,5-HT6 receptor,0.2442263513803482,Low,Unvalidated,E,3,0.22724712839722636,64689,C(C1C(C(C(C(O1)O)O)O)O)O,1
Cadmium,Chemical / small molecule,Predicted candidate from related-receptor literature,No,,,No,No,Yes,No,MT2 receptor,0.13735178112983704,Low,Indirect/context evidence,D,5,0.2242786577343941,23973,[Cd],2
Fe2+,Chemical / small molecule,Predicted candidate from related-receptor literature,No,,,No,No,Yes,No,MT2 receptor,0.14468339085578918,Low,Unvalidated,E,1,0.22104420405626296,27284,[Fe+2],1
Acrylamide,Chemical / small molecule,Predicted candidate from related-receptor literature,No,,,No,No,Yes,No,MT2 receptor,0.1431623250246048,Low,Unvalidated,E,1,0.22005551126599313,6579,C=CC(=O)N,1
Copper,Chemical / small molecule,Predicted candidate from related-receptor literature,No,,,No,No,Yes,No,MT2 receptor,0.14189766347408295,Low,Unvalidated,E,1,0.21923348125815392,23978,[Cu],1
Sodium,Chemical / small molecule,Predicted candidate from related-receptor literature,No,,,No,No,Yes,No,MT2 receptor,0.13455082476139069,Low,Unvalidated,E,1,0.21445803609490394,5360545,[Na],1
N-Methylaspartate,Chemical / small molecule,Predicted candidate from related-receptor literature,No,,,No,No,No,Yes,5-HT6 receptor,0.210951566696167,Low,Unvalidated,E,7,0.21361851835250856,22880,CNC(CC(=O)O)C(=O)O,2
Ca2+,Chemical / small molecule,Predicted candidate from related-receptor literature,No,,,No,No,Yes,No,MT2 receptor,0.12520547211170197,Low,Unvalidated,E,2,0.2103835568726063,271,[Ca+2],2
Scopolamine,Chemical / small molecule,Predicted candidate from related-receptor literature,No,,,No,No,No,Yes,5-HT6 receptor,0.2069084495306015,Low,Unvalidated,E,6,0.208990492194891,3000322,CN1C2CC(CC1C3C2O3)OC(=O)C(CO)C4=CC=CC=C4,1
"6-fluoro-3-(piperidin-4-yl)-1,2-benzoxazole",Chemical / small molecule,Predicted candidate from related-receptor literature,No,,,No,No,No,Yes,5-HT6 receptor,0.22003638744354248,Low,Unvalidated,E,1,0.20752365183830263,849421,C1CNCCC1C2=NOC3=C2C=CC(=C3)F,1
Cadmium Chloride,Chemical / small molecule,Predicted candidate from related-receptor literature,No,,,No,No,Yes,No,MT2 receptor,0.11320284754037857,Low,Indirect/context evidence,D,4,0.2065818509012461,24947,Cl[Cd]Cl,1
Tyrosine,Chemical / small molecule,Predicted candidate from related-receptor literature,No,,,No,No,Yes,No,MT2 receptor,0.11300835758447647,Low,Unvalidated,E,3,0.2044554324299097,6057,C1=CC(=CC=C1CC(C(=O)O)N)O,1
melatonin sulfate,Chemical / small molecule,Predicted candidate from related-receptor literature,No,,,No,No,Yes,No,MT2 receptor,0.11160489916801453,Low,Unvalidated,E,3,0.20354318445920944,129629376,CC(=O)NCCC1=C2N(C3=C1C=C(C=C3)OC)OS(=O)(=O)O2,1
Helium,Chemical / small molecule,Predicted candidate from related-receptor literature,No,,,No,No,Yes,No,MT2 receptor,0.11473513394594193,Low,Unvalidated,E,1,0.20157783706486226,23987,[He],1
Chloroquine,Chemical / small molecule,Predicted candidate from related-receptor literature,No,,,No,No,No,Yes,5-HT6 receptor,0.20125119388103485,Low,Indirect/context evidence,D,4,0.20131327602267265,2719,CCN(CC)CCCC(C)NC1=C2C=CC(=CC2=NC=C1)Cl,1
gamma-Aminobutyric Acid,Chemical / small molecule,Predicted candidate from related-receptor literature,No,,,No,No,Yes,Yes,5-HT6 receptor; MT2 receptor,0.06152084469795227,Low,Unvalidated,E,18,0.20098854905366897,119,C(CC(=O)O)CN,6
2-(4-morpholinyl)-8-phenyl-4H-1-benzopyran-4-one,Chemical / small molecule,Predicted candidate from related-receptor literature,No,,,No,No,Yes,No,MT2 receptor,0.11335601657629013,Low,Unvalidated,E,1,0.2006814107745886,3973,C1COCCN1C2=CC(=O)C3=C(O2)C(=CC=C3)C4=CC=CC=C4,1
3-(2-acetamidoethyl)-6-fluoro-5-methoxy-N-methyl-1H-indole-2-carboxamide,Chemical / small molecule,Predicted candidate from related-receptor literature,No,,,No,No,Yes,No,MT2 receptor,0.10669170320034027,Low,Unvalidated,E,3,0.2003496070802212,72948198,CC(=O)NCCC1=C(NC2=CC(=C(C=C21)OC)F)C(=O)NC,1
Escitalopram,Chemical / small molecule,Predicted candidate from related-receptor literature,No,,,No,No,No,Yes,5-HT6 receptor,0.20217610895633698,Low,Unvalidated,E,3,0.19991447082161903,146570,CN(C)CCCC1(C2=C(CO1)C=C(C=C2)C#N)C3=CC=C(C=C3)F,1
Citalopram,Chemical / small molecule,Predicted candidate from related-receptor literature,No,,,No,No,No,Yes,5-HT6 receptor,0.20217610895633698,Low,Unvalidated,E,3,0.19991447082161903,2771,CN(C)CCCC1(C2=C(CO1)C=C(C=C2)C#N)C3=CC=C(C=C3)F,1
6-chloro-5-methyl-1-((2-(2-methylpyrid-3-yloxy)pyrid-5-yl)carbamoyl)indoline,Chemical / small molecule,Predicted candidate from related-receptor literature,No,,,No,No,No,Yes,5-HT6 receptor,0.20004871487617493,Low,Unvalidated,E,3,0.19853166466951372,3644637,CC1=CC2=C(C=C1Cl)N(CC2)C(=O)NC3=CN=C(C=C3)OC4=C(N=CC=C4)C,1
Cerlapirdine,Chemical / small molecule,Predicted candidate from related-receptor literature,No,,,No,No,No,Yes,5-HT6 receptor,0.18091480433940887,Low,Unvalidated,E,6,0.1920946228206158,16071605,CN(C)CCCOC1=CC2=C(NN=C2C=C1)S(=O)(=O)C3=CC=CC4=CC=CC=C43,1
pyrroloquinoline,Chemical / small molecule,Predicted candidate from related-receptor literature,No,,,No,No,No,Yes,5-HT6 receptor,0.17800724506378174,Low,Direct receptor evidence,C,6,0.19020470929145816,5061455,C1=CC2=C(C3=C(C=C2)NC=C3)N=C1,1
Ro 4-6790,Chemical / small molecule,Predicted candidate from related-receptor literature,No,,,No,No,No,Yes,5-HT6 receptor,0.1742989420890808,Low,Unvalidated,E,6,0.18779431235790256,5312145,CNC1=CC(=NC(=N1)NC)NS(=O)(=O)C2=CC=C(C=C2)N,1
SAM-531,Chemical / small molecule,Predicted candidate from related-receptor literature,No,,,No,No,No,Yes,5-HT6 receptor,0.18091480433940887,Low,Unvalidated,E,3,0.18609462282061578,16071605,CN(C)CCCOC1=CC2=C(NN=C2C=C1)S(=O)(=O)C3=CC=CC4=CC=CC=C43,1
PF-05212365,Chemical / small molecule,Predicted candidate from related-receptor literature,No,,,No,No,No,Yes,5-HT6 receptor,0.18091480433940887,Low,Unvalidated,E,3,0.18609462282061578,16071605,CN(C)CCCOC1=CC2=C(NN=C2C=C1)S(=O)(=O)C3=CC=CC4=CC=CC=C43,1
Carbon Tetrachloride,Chemical / small molecule,Predicted candidate from related-receptor literature,No,,,No,No,Yes,No,MT2 receptor,0.08734878897666931,Low,Unvalidated,E,1,0.18377671283483504,5943,C(Cl)(Cl)(Cl)Cl,1
SC79,Chemical / small molecule,Predicted candidate from related-receptor literature,No,,,No,No,Yes,No,MT2 receptor,0.07777196168899536,Low,Unvalidated,E,4,0.18355177509784698,2810830,CCOC(=O)C1=C(OC2=C(C1C(C#N)C(=O)OCC)C=C(C=C2)Cl)N,2
Curcumin,Chemical / small molecule,Predicted candidate from related-receptor literature,No,,,No,No,Yes,No,MT2 receptor,0.07023962587118149,Low,Direct receptor evidence,C,6,0.18265575681626797,969516,COC1=C(C=CC(=C1)C=CC(=O)CC(=O)C=CC2=CC(=C(C=C2)O)OC)O,1
9-(tetrahydro-2-furyl)-adenine,Chemical / small molecule,Predicted candidate from related-receptor literature,No,,,No,No,No,Yes,5-HT6 receptor,0.16994865238666534,Low,Unvalidated,E,3,0.17896662405133248,22879197,C1CC(OC1)N2C=NC3=C(N=CN=C32)N,1
Histamine,Chemical / small molecule,Predicted candidate from related-receptor literature,No,,,No,No,No,Yes,5-HT6 receptor,0.1518675535917282,Low,Indirect/context evidence,D,8,0.17721390983462337,774,C1=C(NC=N1)CCN,1
2-phenylpyrrole,Chemical / small molecule,Predicted candidate from related-receptor literature,No,,,No,No,No,Yes,5-HT6 receptor,0.15618988871574402,Low,Direct receptor evidence,C,6,0.17602342766523363,72898,C1=CC=C(C=C1)C2=CC=CN2,1
piperidine,Chemical / small molecule,Predicted candidate from related-receptor literature,No,,,No,No,No,Yes,5-HT6 receptor,0.16186371445655823,Low,Unvalidated,E,3,0.17371141439676285,8082,C1CCNCC1,1
8-methoxy-2-propionamidotetralin,Chemical / small molecule,Predicted candidate from related-receptor literature,No,,,No,No,Yes,No,MT2 receptor,0.062083225697278976,Low,Unvalidated,E,3,0.17135409670323135,5170952,CCC(=O)NC1CCC2=C(C1)C(=CC=C2)OC,1
Levodopa,Chemical / small molecule,Predicted candidate from related-receptor literature,No,,,No,No,No,Yes,5-HT6 receptor,0.15303640067577362,Low,Unvalidated,E,4,0.16997366043925288,6047,C1=CC(=C(C=C1CC(C(=O)O)N)O)O,2
Caffeine,Chemical / small molecule,Predicted candidate from related-receptor literature,No,,,No,No,Yes,No,MT2 receptor,0.06286896765232086,Low,Indirect/context evidence,D,1,0.16786482897400856,2519,CN1C=NC2=C1C(=O)N(C(=O)N2C)C,1
naphthalene,Chemical / small molecule,Predicted candidate from related-receptor literature,No,,,No,No,Yes,Yes,5-HT6 receptor; MT2 receptor,0.05009707808494568,Low,Unvalidated,E,4,0.1655631007552147,931,C1=CC=C2C=CC=CC2=C1,2
isoquinoline,Chemical / small molecule,Predicted candidate from related-receptor literature,No,,,No,No,Yes,No,MT2 receptor,0.05196663737297058,Low,Direct receptor evidence,C,3,0.1647783142924309,8405,C1=CC=C2C=NC=CC2=C1,1
1H-tetrazole,Chemical / small molecule,Predicted candidate from related-receptor literature,No,,,No,No,No,Yes,5-HT6 receptor,0.1473826766014099,Low,Unvalidated,E,3,0.16429873979091647,67519,C1=NNN=N1,1
Lead,Chemical / small molecule,Predicted candidate from related-receptor literature,No,,,No,No,No,Yes,5-HT6 receptor,0.15585173666477203,Low,Unvalidated,E,0,0.1638036288321018,5352425,[Pb],1
Sulfur-35,Chemical / small molecule,Predicted candidate from related-receptor literature,No,,,No,No,No,Yes,5-HT6 receptor,0.14425905048847198,Low,Unvalidated,E,3,0.1622683828175068,91866193,[S],1
IIK7,Chemical / small molecule,Predicted candidate from related-receptor literature,No,,,No,No,Yes,No,MT2 receptor,0.028973238542675972,Low,Unvalidated,E,9,0.16183260505273936,4172142,CCCC(=O)NCCC1=C2C3=CC=CC=C3CN2C4=C1C=C(C=C4)OC,2
UCM1014,Chemical / small molecule,Predicted candidate from related-receptor literature,No,,,No,No,Yes,No,MT2 receptor,0.03716757893562317,Low,Unvalidated,E,6,0.16115892630815506,121231413,CCC(=O)NCC1CCC2=C(N1CC3=CC=CC=C3)C=CC=C2OC,1
SB 207266,Chemical / small molecule,Predicted candidate from related-receptor literature,No,,,No,No,No,Yes,5-HT6 receptor,0.1409721076488495,Low,Unvalidated,E,3,0.16013186997175216,177336,CCCCN1CCC(CC1)CNC(=O)C2=C3N(CCCO3)C4=CC=CC=C42,1
"1H-imidazo[4,5-c]pyridine",Chemical / small molecule,Predicted candidate from related-receptor literature,No,,,No,No,No,Yes,5-HT6 receptor,0.13883161544799805,Low,Unvalidated,E,3,0.15874055004119875,9227,C1=CN=CC2=C1N=CN2,1
Carbon-11,Chemical / small molecule,Predicted candidate from related-receptor literature,No,,,No,No,No,Yes,5-HT6 receptor,0.11383526027202606,Low,Direct receptor evidence,C,11,0.15849291917681693,91867649,[C],2
Ca(2+),Chemical / small molecule,Predicted candidate from related-receptor literature,No,,,No,No,No,Yes,5-HT6 receptor,0.12520547211170197,Low,Unvalidated,E,7,0.1578835568726063,271,[Ca+2],1
Cyclopentanes,Chemical / small molecule,Predicted candidate from related-receptor literature,No,,,No,No,No,Yes,5-HT6 receptor,0.1326601803302765,Low,Unvalidated,E,3,0.15472911721467975,9253,C1CCCC1,1
ethylamide,Chemical / small molecule,Predicted candidate from related-receptor literature,No,,,No,No,Yes,No,MT2 receptor,0.034332025796175,Low,Unvalidated,E,3,0.15331581676751377,1520364,CNS(=O)(=O)C1=CC=C(S1)Br,1
ketamine,Chemical / small molecule,Predicted candidate from related-receptor literature,No,,,No,No,No,Yes,5-HT6 receptor,0.06399732083082199,Low,Direct receptor evidence,C,24,0.15209825854003428,3821,CNC1(CCCCC1=O)C2=CC=CC=C2Cl,4
Formaldehyde,Chemical / small molecule,Predicted candidate from related-receptor literature,No,,,No,No,No,Yes,5-HT6 receptor,0.10891252011060715,Low,Unvalidated,E,9,0.15129313807189462,712,C=O,1
Selenium,Chemical / small molecule,Predicted candidate from related-receptor literature,No,,,No,No,No,Yes,5-HT6 receptor,0.12591584026813507,Low,Unvalidated,E,3,0.15034529617428782,6326970,[Se],1
"1,3,5-triazine",Chemical / small molecule,Predicted candidate from related-receptor literature,No,,,No,No,No,Yes,5-HT6 receptor,0.06142664700746536,Low,Direct receptor evidence,C,23,0.1484273205548525,9262,C1=NC=NC=N1,6
Creatinine,Chemical / small molecule,Predicted candidate from related-receptor literature,No,,,No,No,Yes,No,MT2 receptor,0.03146181255578995,Low,Unvalidated,E,1,0.14745017816126346,588,CN1CC(=O)N=C1N,1
6-methyladenine,Chemical / small molecule,Predicted candidate from related-receptor literature,No,,,No,No,Yes,No,MT2 receptor,0.022505832836031914,Low,Unvalidated,E,2,0.14362879134342074,67955,CNC1=NC=NC2=C1NC=N2,1
Praseodymium,Chemical / small molecule,Predicted candidate from related-receptor literature,No,,,No,No,No,Yes,5-HT6 receptor,0.10212530195713043,Low,Unvalidated,E,7,0.14288144627213478,23942,[Pr],1
Fluorine-18,Chemical / small molecule,Predicted candidate from related-receptor literature,No,,,No,No,No,Yes,5-HT6 receptor,0.10033348947763443,Low,Unvalidated,E,7,0.14171676816046241,131704324,[F],1
3-methyladenine,Chemical / small molecule,Predicted candidate from related-receptor literature,No,,,No,No,Yes,No,MT2 receptor,0.01598503813147545,Low,Unvalidated,E,3,0.14139027478545904,135398661,CN1C=NC(=N)C2=C1N=CN2,1
3-MA,Chemical / small molecule,Predicted candidate from related-receptor literature,No,,,No,No,Yes,No,MT2 receptor,0.01598503813147545,Low,Unvalidated,E,3,0.14139027478545904,135398661,CN1C=NC(=N)C2=C1N=CN2,1
Antimony,Chemical / small molecule,Predicted candidate from related-receptor literature,No,,,No,No,No,Yes,5-HT6 receptor,0.10812331736087799,Low,Unvalidated,E,3,0.1387801562845707,5354495,[Sb],1
2-phenylmelatonin,Chemical / small molecule,Predicted candidate from related-receptor literature,No,,,No,No,Yes,No,MT2 receptor,0.010979587212204933,Low,Unvalidated,E,3,0.13813673168793322,4018512,CC(=O)NCCC1=C(NC2=C1C=C(C=C2)OC)C3=CC=CC=C3,1
Hydrocortisone,Chemical / small molecule,Predicted candidate from related-receptor literature,No,,,No,No,Yes,No,MT2 receptor,0.0019614084158092737,Low,Unvalidated,E,5,0.13627491547027604,5754,CC12CCC(=O)C=C1CCC3C2C(CC4(C3CCC4(C(=O)CO)O)C)O,1
1-amino-4-methylpiperazine,Chemical / small molecule,Predicted candidate from related-receptor literature,No,,,No,No,No,Yes,5-HT6 receptor,0.10345988720655441,Low,Unvalidated,E,3,0.13574892668426036,81349,CN1CCN(CC1)N,1
Flumazenil,Chemical / small molecule,Predicted candidate from related-receptor literature,No,,,No,No,No,Yes,5-HT6 receptor,0.10152677446603775,Low,Unvalidated,E,3,0.13449240340292457,3373,CCOC(=O)C1=C2CN(C(=O)C3=C(N2C=N1)C=CC(=C3)F)C,1
Oxaliplatin,Chemical / small molecule,Predicted candidate from related-receptor literature,No,,,No,No,No,Yes,5-HT6 receptor,0.08400486409664154,Low,Unvalidated,E,7,0.13110316166281702,9887053,C1CCC(C(C1)[NH-])[NH-].C(=O)(C(=O)O)O.[Pt+2],3
dehydroacetic acid,Chemical / small molecule,Predicted candidate from related-receptor literature,No,,,No,No,Yes,No,MT2 receptor,0.006209161132574081,Low,Unvalidated,E,1,0.13103595473617316,122903,CC1=CC(=O)C(C(=O)O1)C(=O)C,1
Dimethyl Sulfoxide,Chemical / small molecule,Predicted candidate from related-receptor literature,No,,,No,No,No,Yes,5-HT6 receptor,0.09143885225057602,Low,Unvalidated,E,3,0.12793525396287442,679,CS(=O)C,1
PCPA,Chemical / small molecule,Predicted candidate from related-receptor literature,No,,,No,No,No,Yes,5-HT6 receptor,0.08701536804437637,Low,Unvalidated,E,3,0.12505998922884465,26229,C1=CC(=CC=C1OCC(=O)O)Cl,1
azasetron,Chemical / small molecule,Predicted candidate from related-receptor literature,No,,,No,No,No,Yes,5-HT6 receptor,0.08650144189596176,Low,Unvalidated,E,3,0.12472593723237516,2264,CN1C(=O)COC2=C(C=C(C=C21)Cl)C(=O)NC3CN4CCC3CC4,1
Oxidopamine,Chemical / small molecule,Predicted candidate from related-receptor literature,No,,,No,No,No,Yes,5-HT6 receptor,0.017821574583649635,Low,Unvalidated,E,25,0.12408402347937227,4624,C1=C(C(=CC(=C1O)O)O)CCN,5
AVN-322,Chemical / small molecule,Predicted candidate from related-receptor literature,No,,,No,No,No,Yes,5-HT6 receptor,0.08132769912481308,Low,Direct receptor evidence,C,3,0.12136300443112852,135905417,CNC1=NN2C3=C(CN(CC3)C)C=NC2=C1S(=O)(=O)C4=CC=CC=C4.Cl,1
Sulfur Dioxide,Chemical / small molecule,Predicted candidate from related-receptor literature,No,,,No,No,No,Yes,5-HT6 receptor,0.08026039600372314,Low,Unvalidated,E,3,0.12066925740242004,1119,O=S=O,1
coumarin,Chemical / small molecule,Predicted candidate from related-receptor literature,No,,,No,No,No,Yes,5-HT6 receptor,0.07415731996297836,Low,Unvalidated,E,3,0.11670225797593595,323,C1=CC=C2C(=C1)C=CC(=O)O2,1
Tropisetron,Chemical / small molecule,Predicted candidate from related-receptor literature,No,,,No,No,No,Yes,5-HT6 receptor,0.07190857082605362,Low,Unvalidated,E,3,0.11524057103693486,656665,CN1C2CCC1CC(C2)OC(=O)C3=CNC4=CC=CC=C43,1
Glycerol,Chemical / small molecule,Predicted candidate from related-receptor literature,No,,,No,No,No,Yes,5-HT6 receptor,0.06869403272867203,Low,Unvalidated,E,3,0.11315112127363683,753,C(C(CO)O)O,1
Ondansetron,Chemical / small molecule,Predicted candidate from related-receptor literature,No,,,No,No,No,Yes,5-HT6 receptor,0.05891041457653046,Low,Unvalidated,E,6,0.1127917694747448,4595,CC1=NC=CN1CC2CCC3=C(C2=O)C4=CC=CC=C4N3C,2
dopamine D2,Chemical / small molecule,Predicted candidate from related-receptor literature,No,,,No,No,No,Yes,5-HT6 receptor,0.06756026297807693,Low,Unvalidated,E,3,0.11241417093575001,18598488,C1=CC(=C(C=C1CCN)O)O,1
Thymol,Chemical / small molecule,Predicted candidate from related-receptor literature,No,,,No,No,No,Yes,5-HT6 receptor,0.05689239501953125,Low,Unvalidated,E,3,0.10548005676269531,6989,CC1=CC(=C(C=C1)C(C)C)O,1
acetylcholine,Chemical / small molecule,Predicted candidate from related-receptor literature,No,,,No,No,No,Yes,5-HT6 receptor,0.004161999095231295,Low,Direct receptor evidence,C,20,0.10520529941190035,187,CC(=O)OCC[N+](C)(C)C,6
GABA,Chemical / small molecule,Predicted candidate from related-receptor literature,No,,,No,No,No,Yes,5-HT6 receptor,0.06152084469795227,Low,Unvalidated,E,0,0.10248854905366897,119,C(CC(=O)O)CN,1
N-phenylsulfonylindole,Chemical / small molecule,Predicted candidate from related-receptor literature,No,,,No,No,No,Yes,5-HT6 receptor,0.0418897420167923,Low,Direct receptor evidence,C,6,0.10172833231091499,315017,C1=CC=C(C=C1)S(=O)(=O)N2C=CC3=CC=CC=C32,1
Oxazolidinones,Chemical / small molecule,Predicted candidate from related-receptor literature,No,,,No,No,No,Yes,5-HT6 receptor,0.05021544173359871,Low,Unvalidated,E,3,0.10114003712683917,73949,C1COC(=O)N1,1
pyrazole,Chemical / small molecule,Predicted candidate from related-receptor literature,No,,,No,No,No,Yes,5-HT6 receptor,0.04027549549937248,Low,Direct receptor evidence,C,6,0.1006790720745921,1048,C1=CNN=C1,1
Ethanol,Chemical / small molecule,Predicted candidate from related-receptor literature,No,,,No,No,No,Yes,5-HT6 receptor,0.03753688558936119,Low,Direct receptor evidence,C,6,0.09889897563308477,702,CCO,1
emtricitabine,Chemical / small molecule,Predicted candidate from related-receptor literature,No,,,No,No,No,Yes,5-HT6 receptor,0.05273628607392311,Low,Unvalidated,E,1,0.09877858594805003,60877,C1C(OC(S1)CO)N2C=C(C(=NC2=O)N)F,1
lorcaserin,Chemical / small molecule,Predicted candidate from related-receptor literature,No,,,No,No,No,Yes,5-HT6 receptor,0.0370190255343914,Low,Unvalidated,E,6,0.09856236659735441,11658860,CC1CNCCC2=C1C=C(C=C2)Cl,1
4-Aminopyridine,Chemical / small molecule,Predicted candidate from related-receptor literature,No,,,No,No,No,Yes,5-HT6 receptor,0.04263344034552574,Low,Unvalidated,E,4,0.09821173622459173,1727,C1=CN=CC=C1N,1
Pyrrolidines,Chemical / small molecule,Predicted candidate from related-receptor literature,No,,,No,No,No,Yes,5-HT6 receptor,0.04426712915301323,Low,Unvalidated,E,3,0.09727363394945861,10176084,C1CC=CNC1,1
Quinolones,Chemical / small molecule,Predicted candidate from related-receptor literature,No,,,No,No,No,Yes,5-HT6 receptor,0.04229481890797615,Low,Unvalidated,E,3,0.09599163229018451,6038,C1=CC=C2C(=C1)C=CC(=O)N2,1
1-(phenylsulfonyl)-1H-indole,Chemical / small molecule,Predicted candidate from related-receptor literature,No,,,No,No,No,Yes,5-HT6 receptor,0.0418897420167923,Low,Direct receptor evidence,C,3,0.095728332310915,315017,C1=CC=C(C=C1)S(=O)(=O)N2C=CC3=CC=CC=C32,1
2-aminoimidazole,Chemical / small molecule,Predicted candidate from related-receptor literature,No,,,No,No,No,Yes,5-HT6 receptor,0.031709786504507065,Low,Direct receptor evidence,C,6,0.09511136122792958,82140,C1=CN=C(N1)N,1
2-propoxybenzamide,Chemical / small molecule,Predicted candidate from related-receptor literature,No,,,No,No,No,Yes,5-HT6 receptor,0.03924715146422386,Low,Unvalidated,E,3,0.09401064845174552,43051,CCCOC1=CC=CC=C1C(=O)N,1
Corticosterone,Chemical / small molecule,Predicted candidate from related-receptor literature,No,,,No,No,No,Yes,5-HT6 receptor,0.0452628992497921,Low,Unvalidated,E,0,0.09192088451236487,5753,CC12CCC(=O)C=C1CCC3C2C(CC4(C3CCC4C(=O)CO)C)O,1
Pyrroles,Chemical / small molecule,Predicted candidate from related-receptor literature,No,,,No,No,No,Yes,5-HT6 receptor,0.03251950815320015,Low,Unvalidated,E,3,0.08963768029958011,8027,C1=CNC=C1,1
"1H-pyrrolo[2,3-f]quinoline",Chemical / small molecule,Predicted candidate from related-receptor literature,No,,,No,No,No,Yes,5-HT6 receptor,0.022131912410259247,Low,Unvalidated,E,6,0.08888574306666851,135645806,C1=CNC2=CC=C3C=CN=C3C2=C1,1
quinoline,Chemical / small molecule,Predicted candidate from related-receptor literature,No,,,No,No,No,Yes,5-HT6 receptor,0.009761938825249672,Low,Direct receptor evidence,C,9,0.08684526023641229,7047,C1=CC=C2C(=C1)C=CC=N2,1
Sulfides,Chemical / small molecule,Predicted candidate from related-receptor literature,No,,,No,No,No,Yes,5-HT6 receptor,0.027985097840428352,Low,Unvalidated,E,3,0.08669031359627843,402,S,1
Indazoles,Chemical / small molecule,Predicted candidate from related-receptor literature,No,,,No,No,No,Yes,5-HT6 receptor,0.024643946439027786,Low,Unvalidated,E,3,0.08451856518536807,9221,C1=CC=C2C(=C1)C=NN2,1
Pilocarpine,Chemical / small molecule,Predicted candidate from related-receptor literature,No,,,No,No,No,Yes,5-HT6 receptor,0.003173094242811203,Low,Indirect/context evidence,D,9,0.08256251125782728,5910,CCC1C(COC1=O)CC2=CN=CN2C,4
4-(piperazin-1-yl)-1H-indole,Chemical / small molecule,Predicted candidate from related-receptor literature,No,,,No,No,No,Yes,5-HT6 receptor,0.014681798405945301,Low,Unvalidated,E,3,0.07804316896386446,594590,C1CN(CCN1)C2=CC=CC3=C2C=CN3,1
"3H-imidazo[4,5-b]pyridine",Chemical / small molecule,Predicted candidate from related-receptor literature,No,,,No,No,No,Yes,5-HT6 receptor,0.00476484140381217,Low,Unvalidated,E,6,0.0775971469124779,67504,C1=CC2=C(N=C1)N=CN2,1
quinolin,Chemical / small molecule,Predicted candidate from related-receptor literature,No,,,No,No,No,Yes,5-HT6 receptor,0.009761938825249672,Low,Unvalidated,E,3,0.07484526023641229,7047,C1=CC=C2C(=C1)C=CC=N2,1
indoline,Chemical / small molecule,Predicted candidate from related-receptor literature,No,,,No,No,No,Yes,5-HT6 receptor,0.014022205024957657,Low,Indirect/context evidence,D,1,0.07361443326622248,10328,C1CNC2=CC=CC=C21,1
benzimidazole,Chemical / small molecule,Predicted candidate from related-receptor literature,No,,,No,No,No,Yes,5-HT6 receptor,0.013041622936725616,Low,Unvalidated,E,1,0.07297705490887166,5798,C1=CC=C2C(=C1)NC=N2,1
imidazopyridine,Chemical / small molecule,Predicted candidate from related-receptor literature,No,,,No,No,No,Yes,5-HT6 receptor,0.00476484140381217,Low,Direct receptor evidence,C,3,0.07159714691247791,67504,C1=CC2=C(N=C1)N=CN2,1
